-30.0638771806, 29.5419045647, 0.0000000000
-30.0638771806, 29.5419045647, 0.0000000000
-30.2032863646, 29.4721650420, 0.0000000000
-30.2032863646, 29.4721650420, 0.0000000000
-30.2728846635, 29.4368662539, 0.0000000000
-30.2728846635, 29.4368662539, 0.0000000000
-30.3774750370, 29.3832132974, 0.0000000000
-30.3774750370, 29.3832132974, 0.0000000000
-30.6898737137, 29.2185838746, 0.0000000000
-30.6898737137, 29.2185838746, 0.0000000000
-31.0682504481, 29.0102856954, 0.0000000000
-31.0682504481, 29.0102856954, 0.0000000000
-31.3408914484, 28.8540439756, 0.0000000000
-31.3408914484, 28.8540439756, 0.0000000000
-31.6761804512, 28.6546973126, 0.0000000000
-31.6761804512, 28.6546973126, 0.0000000000
-31.9825699970, 28.4654494484, 0.0000000000
-31.9825699970, 28.4654494484, 0.0000000000
-32.4107367303, 28.1893749201, 0.0000000000
-32.4107367303, 28.1893749201, 0.0000000000
-32.7519429469, 27.9594272705, 0.0000000000
-32.7519429469, 27.9594272705, 0.0000000000
-32.9920440644, 27.7921920189, 0.0000000000
-32.9920440644, 27.7921920189, 0.0000000000
-33.2889425311, 27.5790502817, 0.0000000000
-33.2889425311, 27.5790502817, 0.0000000000
-33.4441930205, 27.4647475544, 0.0000000000
-33.4441930205, 27.4647475544, 0.0000000000
-33.5838640984, 27.3602139188, 0.0000000000
-33.5838640984, 27.3602139188, 0.0000000000
-33.7368836806, 27.2438149907, 0.0000000000
-33.7368836806, 27.2438149907, 0.0000000000
-33.8759874095, 27.1362775735, 0.0000000000
-33.8759874095, 27.1362775735, 0.0000000000
-34.0267254298, 27.0178661697, 0.0000000000
-34.0267254298, 27.0178661697, 0.0000000000
-34.3137824382, 26.7868599027, 0.0000000000
-34.3137824382, 26.7868599027, 0.0000000000
-34.5035049349, 26.6301316217, 0.0000000000
-34.5035049349, 26.6301316217, 0.0000000000
-34.7344236297, 26.4349126506, 0.0000000000
-34.7344236297, 26.4349126506, 0.0000000000
-34.9137677828, 26.2798432220, 0.0000000000
-34.9137677828, 26.2798432220, 0.0000000000
-35.1907192613, 26.0342948942, 0.0000000000
-35.1907192613, 26.0342948942, 0.0000000000
-35.3687390558, 25.8724646667, 0.0000000000
-35.3687390558, 25.8724646667, 0.0000000000
-35.6828458468, 25.5790569925, 0.0000000000
-35.6828458468, 25.5790569925, 0.0000000000
-35.9906655295, 25.2814454311, 0.0000000000
-35.9906655295, 25.2814454311, 0.0000000000
-36.3392970678, 24.9318016571, 0.0000000000
-36.3392970678, 24.9318016571, 0.0000000000
-36.8523206188, 24.3916277583, 0.0000000000
-36.8523206188, 24.3916277583, 0.0000000000
-37.2726848328, 23.9247246393, 0.0000000000
-37.2726848328, 23.9247246393, 0.0000000000
-37.6797388952, 23.4501893254, 0.0000000000
-37.6797388952, 23.4501893254, 0.0000000000
-38.1396105702, 22.8854688595, 0.0000000000
-38.1396105702, 22.8854688595, 0.0000000000
-38.6477691835, 22.2229133551, 0.0000000000
-38.6477691835, 22.2229133551, 0.0000000000
-39.0689007593, 21.6400569883, 0.0000000000
-39.0689007593, 21.6400569883, 0.0000000000
-39.3698396402, 21.2029706764, 0.0000000000
-39.3698396402, 21.2029706764, 0.0000000000
-39.7034779382, 20.6965125751, 0.0000000000
-39.7034779382, 20.6965125751, 0.0000000000
-39.9117410966, 20.3678014780, 0.0000000000
-39.9117410966, 20.3678014780, 0.0000000000
-40.1304404302, 20.0114388426, 0.0000000000
-40.1304404302, 20.0114388426, 0.0000000000
-40.3450253646, 19.6498996075, 0.0000000000
-40.3450253646, 19.6498996075, 0.0000000000
-40.5022164232, 19.3771042059, 0.0000000000
-40.5022164232, 19.3771042059, 0.0000000000
-40.7298872097, 18.9692252856, 0.0000000000
-40.7298872097, 18.9692252856, 0.0000000000
-40.8762075476, 18.6985855550, 0.0000000000
-40.8762075476, 18.6985855550, 0.0000000000
-41.0036039556, 18.4571750596, 0.0000000000
-41.0036039556, 18.4571750596, 0.0000000000
-41.1641570158, 18.1448203007, 0.0000000000
-41.1641570158, 18.1448203007, 0.0000000000
-41.2867398627, 17.8998818900, 0.0000000000
-41.2867398627, 17.8998818900, 0.0000000000
-41.4578593912, 17.5479599338, 0.0000000000
-41.4578593912, 17.5479599338, 0.0000000000
-41.6242035511, 17.1938455151, 0.0000000000
-41.6242035511, 17.1938455151, 0.0000000000
-41.8034211549, 16.7978640234, 0.0000000000
-41.8034211549, 16.7978640234, 0.0000000000
-41.9773155574, 16.3978828603, 0.0000000000
-41.9773155574, 16.3978828603, 0.0000000000
-42.1584632152, 15.9628722600, 0.0000000000
-42.1584632152, 15.9628722600, 0.0000000000
-42.3325887978, 15.5249425443, 0.0000000000
-42.3325887978, 15.5249425443, 0.0000000000
-42.5559788068, 14.9304828109, 0.0000000000
-42.5559788068, 14.9304828109, 0.0000000000
-42.7838865770, 14.2792039997, 0.0000000000
-42.7838865770, 14.2792039997, 0.0000000000
-42.9472714896, 13.7786598274, 0.0000000000
-42.9472714896, 13.7786598274, 0.0000000000
-43.0778929419, 13.3541937809, 0.0000000000
-43.0778929419, 13.3541937809, 0.0000000000
-43.2409208086, 12.7878696132, 0.0000000000
-43.2409208086, 12.7878696132, 0.0000000000
-43.4036835968, 12.1720286750, 0.0000000000
-43.4036835968, 12.1720286750, 0.0000000000
-43.5431296732, 11.5922098365, 0.0000000000
-43.5431296732, 11.5922098365, 0.0000000000
-43.6740393766, 10.9887045018, 0.0000000000
-43.6740393766, 10.9887045018, 0.0000000000
-43.7755973873, 10.4661970021, 0.0000000000
-43.7755973873, 10.4661970021, 0.0000000000
-43.8524854997, 10.0267478990, 0.0000000000
-43.8524854997, 10.0267478990, 0.0000000000
-43.9341827302, 9.5007220872, 0.0000000000
-43.9341827302, 9.5007220872, 0.0000000000
-43.9925102063, 9.0706941843, 0.0000000000
-43.9925102063, 9.0706941843, 0.0000000000
-44.0535770729, 8.5426661887, 0.0000000000
-44.0535770729, 8.5426661887, 0.0000000000
-44.1222613011, 7.7603310312, 0.0000000000
-44.1222613011, 7.7603310312, 0.0000000000
-44.1490059584, 7.3242010854, 0.0000000000
-44.1490059584, 7.3242010854, 0.0000000000
-44.1673192280, 6.8872568772, 0.0000000000
-44.1673192280, 6.8872568772, 0.0000000000
-44.1757474677, 6.5373446901, 0.0000000000
-44.1757474677, 6.5373446901, 0.0000000000
-44.1785234606, 6.1872889200, 0.0000000000
-44.1785234606, 6.1872889200, 0.0000000000
-44.1755383253, 5.8372766165, 0.0000000000
-44.1755383253, 5.8372766165, 0.0000000000
-44.1635475601, 5.4001381677, 0.0000000000
-44.1635475601, 5.4001381677, 0.0000000000
-44.1472277163, 5.0509624377, 0.0000000000
-44.1472277163, 5.0509624377, 0.0000000000
-44.1182745236, 4.6155772239, 0.0000000000
-44.1182745236, 4.6155772239, 0.0000000000
-44.0707873927, 4.0953383385, 0.0000000000
-44.0707873927, 4.0953383385, 0.0000000000
-43.9602858040, 3.2363421645, 0.0000000000
-43.9602858040, 3.2363421645, 0.0000000000
-43.8268407693, 2.4742637324, 0.0000000000
-43.8268407693, 2.4742637324, 0.0000000000
-43.6465810601, 1.6673819449, 0.0000000000
-43.6465810601, 1.6673819449, 0.0000000000
-43.5774942808, 1.4001123956, 0.0000000000
-43.5774942808, 1.4001123956, 0.0000000000
-43.5554669416, 1.3186351548, 0.0000000000
-43.5554669416, 1.3186351548, 0.0000000000
-43.5493518989, 1.2963115543, 0.0000000000
-43.5493518989, 1.2963115543, 0.0000000000
-43.5268234490, 1.2151336429, 0.0000000000
-43.5268234490, 1.2151336429, 0.0000000000
-43.5204058834, 1.1923071986, 0.0000000000
-43.5204058834, 1.1923071986, 0.0000000000
-43.4973754376, 1.1114383447, 0.0000000000
-43.4973754376, 1.1114383447, 0.0000000000
-43.4906455340, 1.0881082432, 0.0000000000
-43.4906455340, 1.0881082432, 0.0000000000
-43.4671123704, 1.0075583493, 0.0000000000
-43.4671123704, 1.0075583493, 0.0000000000
-43.4600601394, 0.9837239472, 0.0000000000
-43.4600601394, 0.9837239472, 0.0000000000
-43.4529326037, 0.9597738874, 0.0000000000
-43.4529326037, 0.9597738874, 0.0000000000
-43.4457288886, 0.9357076301, 0.0000000000
-43.4457288886, 0.9357076301, 0.0000000000
-43.4214611102, 0.8556413666, 0.0000000000
-43.4214611102, 0.8556413666, 0.0000000000
-43.4062736508, 0.8063005465, 0.0000000000
-43.4062736508, 0.8063005465, 0.0000000000
-43.3734488928, 0.7015859748, 0.0000000000
-43.3734488928, 0.7015859748, 0.0000000000
-43.3051278340, 0.4915050627, 0.0000000000
-43.3051278340, 0.4915050627, 0.0000000000
-43.2332694219, 0.2809365702, 0.0000000000
-43.2332694219, 0.2809365702, 0.0000000000
-43.1577905388, 0.0699769121, 0.0000000000
-43.1577905388, 0.0699769121, 0.0000000000
-43.0490125080, -0.2178051932, 0.0000000000
-43.0490125080, -0.2178051932, 0.0000000000
-42.9337158740, -0.5045105796, 0.0000000000
-42.9337158740, -0.5045105796, 0.0000000000
-42.7647833158, -0.8955007837, 0.0000000000
-42.7647833158, -0.8955007837, 0.0000000000
-42.6156677479, -1.2160338812, 0.0000000000
-42.6156677479, -1.2160338812, 0.0000000000
-42.3311283968, -1.7746874371, 0.0000000000
-42.3311283968, -1.7746874371, 0.0000000000
-42.0807291056, -2.2185734964, 0.0000000000
-42.0807291056, -2.2185734964, 0.0000000000
-41.8778519238, -2.5507847326, 0.0000000000
-41.8778519238, -2.5507847326, 0.0000000000
-41.6248526179, -2.9353928957, 0.0000000000
-41.6248526179, -2.9353928957, 0.0000000000
-41.4018576069, -3.2503168089, 0.0000000000
-41.4018576069, -3.2503168089, 0.0000000000
-41.1276767392, -3.6102458840, 0.0000000000
-41.1276767392, -3.6102458840, 0.0000000000
-40.9729354937, -3.8013453377, 0.0000000000
-40.9729354937, -3.8013453377, 0.0000000000
-40.6888751472, -4.1316461585, 0.0000000000
-40.6888751472, -4.1316461585, 0.0000000000
-40.4753254534, -4.3638425552, 0.0000000000
-40.4753254534, -4.3638425552, 0.0000000000
-40.2587919440, -4.5862725120, 0.0000000000
-40.2587919440, -4.5862725120, 0.0000000000
-39.9480994093, -4.8842348397, 0.0000000000
-39.9480994093, -4.8842348397, 0.0000000000
-39.4041646583, -5.3513864575, 0.0000000000
-39.4041646583, -5.3513864575, 0.0000000000
-38.8473733148, -5.7653691004, 0.0000000000
-38.8473733148, -5.7653691004, 0.0000000000
-38.1838882093, -6.1831749569, 0.0000000000
-38.1838882093, -6.1831749569, 0.0000000000
-37.4883326268, -6.5413404078, 0.0000000000
-37.4883326268, -6.5413404078, 0.0000000000
-37.2458098220, -6.6482261069, 0.0000000000
-37.2458098220, -6.6482261069, 0.0000000000
-36.9454915859, -6.7681838763, 0.0000000000
-36.9454915859, -6.7681838763, 0.0000000000
-36.5531585447, -6.9046911469, 0.0000000000
-36.5531585447, -6.9046911469, 0.0000000000
-36.4488569243, -6.9371908701, 0.0000000000
-36.4488569243, -6.9371908701, 0.0000000000
-36.3448853106, -6.9680183188, 0.0000000000
-36.3448853106, -6.9680183188, 0.0000000000
-36.2641157713, -6.9908890445, 0.0000000000
-36.2641157713, -6.9908890445, 0.0000000000
-36.1608450755, -7.0187635508, 0.0000000000
-36.1608450755, -7.0187635508, 0.0000000000
-36.0789962015, -7.0397685219, 0.0000000000
-36.0789962015, -7.0397685219, 0.0000000000
-35.9139602216, -7.0792061949, 0.0000000000
-35.9139602216, -7.0792061949, 0.0000000000
-35.7292652480, -7.1187314288, 0.0000000000
-35.7292652480, -7.1187314288, 0.0000000000
-35.4761095237, -7.1650116918, 0.0000000000
-35.4761095237, -7.1650116918, 0.0000000000
-35.0362916243, -7.2236862656, 0.0000000000
-35.0362916243, -7.2236862656, 0.0000000000
-34.6896464996, -7.2503704960, 0.0000000000
-34.6896464996, -7.2503704960, 0.0000000000
-34.3411765262, -7.2595800964, 0.0000000000
-34.3411765262, -7.2595800964, 0.0000000000
-33.9057203325, -7.2457384343, 0.0000000000
-33.9057203325, -7.2457384343, 0.0000000000
-33.6459222158, -7.2237189407, 0.0000000000
-33.6459222158, -7.2237189407, 0.0000000000
-33.2179479026, -7.1642223366, 0.0000000000
-33.2179479026, -7.1642223366, 0.0000000000
-32.7995763170, -7.0769160395, 0.0000000000
-32.7995763170, -7.0769160395, 0.0000000000
-32.3944135083, -6.9632940870, 0.0000000000
-32.3944135083, -6.9632940870, 0.0000000000
-32.0056640381, -6.8255766385, 0.0000000000
-32.0056640381, -6.8255766385, 0.0000000000
-31.6359424575, -6.6665768878, 0.0000000000
-31.6359424575, -6.6665768878, 0.0000000000
-31.0214793004, -6.3356085943, 0.0000000000
-31.0214793004, -6.3356085943, 0.0000000000
-30.6532800988, -6.0927022513, 0.0000000000
-30.6532800988, -6.0927022513, 0.0000000000
-30.3314210474, -5.8495475196, 0.0000000000
-30.3314210474, -5.8495475196, 0.0000000000
-30.0328746483, -5.5956025677, 0.0000000000
-30.0328746483, -5.5956025677, 0.0000000000
-29.6271035800, -5.2014034364, 0.0000000000
-29.6271035800, -5.2014034364, 0.0000000000
-29.3829460658, -4.9337971007, 0.0000000000
-29.3829460658, -4.9337971007, 0.0000000000
-29.1877668494, -4.7016638878, 0.0000000000
-29.1877668494, -4.7016638878, 0.0000000000
-28.9699379663, -4.4218365778, 0.0000000000
-28.9699379663, -4.4218365778, 0.0000000000
-28.8261175573, -4.2241947636, 0.0000000000
-28.8261175573, -4.2241947636, 0.0000000000
-28.6322614095, -3.9403693114, 0.0000000000
-28.6322614095, -3.9403693114, 0.0000000000
-28.3997318675, -3.5715305360, 0.0000000000
-28.3997318675, -3.5715305360, 0.0000000000
-28.2778297719, -3.3649212880, 0.0000000000
-28.2778297719, -3.3649212880, 0.0000000000
-27.9619541669, -2.7836587169, 0.0000000000
-27.9619541669, -2.7836587169, 0.0000000000
-27.8053605715, -2.4693464015, 0.0000000000
-27.8053605715, -2.4693464015, 0.0000000000
-27.6549186009, -2.1501082951, 0.0000000000
-27.6549186009, -2.1501082951, 0.0000000000
-27.4956501239, -1.7931017411, 0.0000000000
-27.4956501239, -1.7931017411, 0.0000000000
-27.3130297106, -1.3591535882, 0.0000000000
-27.3130297106, -1.3591535882, 0.0000000000
-27.1511734806, -0.9524957998, 0.0000000000
-27.1511734806, -0.9524957998, 0.0000000000
-26.9954280056, -0.5419772059, 0.0000000000
-26.9954280056, -0.5419772059, 0.0000000000
-26.8829861656, -0.2343135696, 0.0000000000
-26.8829861656, -0.2343135696, 0.0000000000
-26.7190174953, 0.2302569633, 0.0000000000
-26.7190174953, 0.2302569633, 0.0000000000
-26.5857555756, 0.6205516506, 0.0000000000
-26.5857555756, 0.6205516506, 0.0000000000
-26.4551095293, 1.0129164492, 0.0000000000
-26.4551095293, 1.0129164492, 0.0000000000
-26.3520707426, 1.3282226627, 0.0000000000
-26.3520707426, 1.3282226627, 0.0000000000
-26.1831078725, 1.8542406408, 0.0000000000
-26.1831078725, 1.8542406408, 0.0000000000
-26.0408764147, 2.3033818163, 0.0000000000
-26.0408764147, 2.3033818163, 0.0000000000
-25.9156229601, 2.7018464281, 0.0000000000
-25.9156229601, 2.7018464281, 0.0000000000
-25.7992460663, 3.0731947665, 0.0000000000
-25.7992460663, 3.0731947665, 0.0000000000
-25.6414717870, 3.5763513684, 0.0000000000
-25.6414717870, 3.5763513684, 0.0000000000
-25.5246807692, 3.9472679072, 0.0000000000
-25.5246807692, 3.9472679072, 0.0000000000
-25.4155401235, 4.2918166394, 0.0000000000
-25.4155401235, 4.2918166394, 0.0000000000
-25.2975189849, 4.6614075173, 0.0000000000
-25.2975189849, 4.6614075173, 0.0000000000
-25.1785969506, 5.0300114021, 0.0000000000
-25.1785969506, 5.0300114021, 0.0000000000
-25.0328974396, 5.4755880886, 0.0000000000
-25.0328974396, 5.4755880886, 0.0000000000
-24.9286127337, 5.7900186732, 0.0000000000
-24.9286127337, 5.7900186732, 0.0000000000
-24.7889013713, 6.2049607974, 0.0000000000
-24.7889013713, 6.2049607974, 0.0000000000
-24.5843273987, 6.7988459815, 0.0000000000
-24.5843273987, 6.7988459815, 0.0000000000
-24.4849160328, 7.0813916569, 0.0000000000
-24.4849160328, 7.0813916569, 0.0000000000
-24.3845381913, 7.3626234448, 0.0000000000
-24.3845381913, 7.3626234448, 0.0000000000
-24.2447070488, 7.7475902304, 0.0000000000
-24.2447070488, 7.7475902304, 0.0000000000
-24.1702877607, 7.9492603248, 0.0000000000
-24.1702877607, 7.9492603248, 0.0000000000
-24.0381696178, 8.3018518716, 0.0000000000
-24.0381696178, 8.3018518716, 0.0000000000
-23.8752382430, 8.7272575362, 0.0000000000
-23.8752382430, 8.7272575362, 0.0000000000
-23.7216921038, 9.1188798115, 0.0000000000
-23.7216921038, 9.1188798115, 0.0000000000
-23.5785589440, 9.4760845024, 0.0000000000
-23.5785589440, 9.4760845024, 0.0000000000
-23.4082860739, 9.8914905386, 0.0000000000
-23.4082860739, 9.8914905386, 0.0000000000
-23.2622500628, 10.2398288782, 0.0000000000
-23.2622500628, 10.2398288782, 0.0000000000
-23.1011337040, 10.6159859145, 0.0000000000
-23.1011337040, 10.6159859145, 0.0000000000
-22.7440666710, 11.4209771836, 0.0000000000
-22.7440666710, 11.4209771836, 0.0000000000
-22.4131627963, 12.1345368827, 0.0000000000
-22.4131627963, 12.1345368827, 0.0000000000
-22.0943859603, 12.7952970003, 0.0000000000
-22.0943859603, 12.7952970003, 0.0000000000
-21.8209197026, 13.3432143347, 0.0000000000
-21.8209197026, 13.3432143347, 0.0000000000
-21.5608595924, 13.8494705901, 0.0000000000
-21.5608595924, 13.8494705901, 0.0000000000
-21.3495839480, 14.2509649454, 0.0000000000
-21.3495839480, 14.2509649454, 0.0000000000
-21.1408326580, 14.6396684953, 0.0000000000
-21.1408326580, 14.6396684953, 0.0000000000
-20.9829866073, 14.9286457203, 0.0000000000
-20.9829866073, 14.9286457203, 0.0000000000
-20.8248456653, 15.2141522371, 0.0000000000
-20.8248456653, 15.2141522371, 0.0000000000
-20.6664607713, 15.4962987998, 0.0000000000
-20.6664607713, 15.4962987998, 0.0000000000
-20.5542865827, 15.6939441133, 0.0000000000
-20.5542865827, 15.6939441133, 0.0000000000
-20.3955932050, 15.9706293242, 0.0000000000
-20.3955932050, 15.9706293242, 0.0000000000
-20.1628691301, 16.3705931896, 0.0000000000
-20.1628691301, 16.3705931896, 0.0000000000
-19.9959178884, 16.6535947941, 0.0000000000
-19.9959178884, 16.6535947941, 0.0000000000
-19.8138901136, 16.9587320130, 0.0000000000
-19.8138901136, 16.9587320130, 0.0000000000
-19.6221278754, 17.2766553923, 0.0000000000
-19.6221278754, 17.2766553923, 0.0000000000
-19.4917078489, 17.4909883384, 0.0000000000
-19.4917078489, 17.4909883384, 0.0000000000
-19.3369322854, 17.7435405936, 0.0000000000
-19.3369322854, 17.7435405936, 0.0000000000
-19.1432062373, 18.0571663809, 0.0000000000
-19.1432062373, 18.0571663809, 0.0000000000
-19.0261873196, 18.2454219679, 0.0000000000
-19.0261873196, 18.2454219679, 0.0000000000
-18.9478945188, 18.3709306296, 0.0000000000
-18.9478945188, 18.3709306296, 0.0000000000
-18.8695158090, 18.4962500885, 0.0000000000
-18.8695158090, 18.4962500885, 0.0000000000
-18.7910587291, 18.6213945899, 0.0000000000
-18.7910587291, 18.6213945899, 0.0000000000
-18.7517174549, 18.6840423152, 0.0000000000
-18.7517174549, 18.6840423152, 0.0000000000
-18.6341147953, 18.8709419788, 0.0000000000
-18.6341147953, 18.8709419788, 0.0000000000
-18.5554697211, 18.9956532897, 0.0000000000
-18.5554697211, 18.9956532897, 0.0000000000
-18.4767782761, 19.1202526552, 0.0000000000
-18.4767782761, 19.1202526552, 0.0000000000
-18.3589452229, 19.3065499787, 0.0000000000
-18.3589452229, 19.3065499787, 0.0000000000
-18.2021332695, 19.5541266847, 0.0000000000
-18.2021332695, 19.5541266847, 0.0000000000
-18.0842341167, 19.7401565064, 0.0000000000
-18.0842341167, 19.7401565064, 0.0000000000
-17.9663620010, 19.9261859536, 0.0000000000
-17.9663620010, 19.9261859536, 0.0000000000
-17.7455288670, 20.2752937962, 0.0000000000
-17.7455288670, 20.2752937962, 0.0000000000
-17.5891990312, 20.5233294490, 0.0000000000
-17.5891990312, 20.5233294490, 0.0000000000
-17.3948362191, 20.8334098686, 0.0000000000
-17.3948362191, 20.8334098686, 0.0000000000
-17.2012967425, 21.1448551071, 0.0000000000
-17.2012967425, 21.1448551071, 0.0000000000
-17.0088602856, 21.4581730459, 0.0000000000
-17.0088602856, 21.4581730459, 0.0000000000
-16.8178594387, 21.7739321755, 0.0000000000
-16.8178594387, 21.7739321755, 0.0000000000
-16.6425973336, 22.0690949190, 0.0000000000
-16.6425973336, 22.0690949190, 0.0000000000
-16.5293567542, 22.2632274083, 0.0000000000
-16.5293567542, 22.2632274083, 0.0000000000
-16.4170582307, 22.4589208080, 0.0000000000
-16.4170582307, 22.4589208080, 0.0000000000
-16.3210879591, 22.6290646353, 0.0000000000
-16.3210879591, 22.6290646353, 0.0000000000
-16.2472657539, 22.7620205926, 0.0000000000
-16.2472657539, 22.7620205926, 0.0000000000
-16.1380447602, 22.9625251886, 0.0000000000
-16.1380447602, 22.9625251886, 0.0000000000
-16.0820407023, 23.0673143864, 0.0000000000
-16.0820407023, 23.0673143864, 0.0000000000
-15.9911963442, 23.2405511218, 0.0000000000
-15.9911963442, 23.2405511218, 0.0000000000
-15.5590630935, 24.1436788713, 0.0000000000
-15.5590630935, 24.1436788713, 0.0000000000
-14.9679835429, 26.1073120472, 0.0000000000
-14.9679835429, 26.1073120472, 0.0000000000
-14.9278364612, 26.9880193668, 0.0000000000
-14.9278364612, 26.9880193668, 0.0000000000
-14.9541905644, 27.2747774917, 0.0000000000
-14.9541905644, 27.2747774917, 0.0000000000
-14.9662764082, 27.3605979432, 0.0000000000
-14.9662764082, 27.3605979432, 0.0000000000
-14.9643038920, 27.3475081721, 0.0000000000
-14.9643038920, 27.3475081721, 0.0000000000
-14.9780125966, 27.4328511316, 0.0000000000
-14.9780125966, 27.4328511316, 0.0000000000
-14.9755059646, 27.4181409371, 0.0000000000
-14.9755059646, 27.4181409371, 0.0000000000
-14.9907921505, 27.5029532133, 0.0000000000
-14.9907921505, 27.5029532133, 0.0000000000
-15.0079688869, 27.5870392492, 0.0000000000
-15.0079688869, 27.5870392492, 0.0000000000
-15.0270096742, 27.6703077356, 0.0000000000
-15.0270096742, 27.6703077356, 0.0000000000
-15.0530491220, 27.7719008121, 0.0000000000
-15.0530491220, 27.7719008121, 0.0000000000
-15.0652096285, 27.8155622950, 0.0000000000
-15.0652096285, 27.8155622950, 0.0000000000
-15.0962262849, 27.9184448403, 0.0000000000
-15.0962262849, 27.9184448403, 0.0000000000
-15.1593131593, 28.0999688487, 0.0000000000
-15.1593131593, 28.0999688487, 0.0000000000
-15.1926162566, 28.1848452869, 0.0000000000
-15.1926162566, 28.1848452869, 0.0000000000
-15.2841931985, 28.3911283034, 0.0000000000
-15.2841931985, 28.3911283034, 0.0000000000
-15.3535135570, 28.5276729770, 0.0000000000
-15.3535135570, 28.5276729770, 0.0000000000
-15.5334250400, 28.8296237092, 0.0000000000
-15.5334250400, 28.8296237092, 0.0000000000
-15.6842404588, 29.0424538827, 0.0000000000
-15.6842404588, 29.0424538827, 0.0000000000
-15.9845505316, 29.3958769700, 0.0000000000
-15.9845505316, 29.3958769700, 0.0000000000
-16.3723218535, 29.7614718726, 0.0000000000
-16.3723218535, 29.7614718726, 0.0000000000
-16.7726559867, 30.0681752187, 0.0000000000
-16.7726559867, 30.0681752187, 0.0000000000
-17.2142421409, 30.3477826750, 0.0000000000
-17.2142421409, 30.3477826750, 0.0000000000
-17.6487971975, 30.5774489644, 0.0000000000
-17.6487971975, 30.5774489644, 0.0000000000
-18.1819781680, 30.8107770465, 0.0000000000
-18.1819781680, 30.8107770465, 0.0000000000
-18.5913419127, 30.9599546144, 0.0000000000
-18.5913419127, 30.9599546144, 0.0000000000
-19.1174861296, 31.1192848631, 0.0000000000
-19.1174861296, 31.1192848631, 0.0000000000
-19.4657728866, 31.2069832106, 0.0000000000
-19.4657728866, 31.2069832106, 0.0000000000
-19.8171161277, 31.2824583037, 0.0000000000
-19.8171161277, 31.2824583037, 0.0000000000
-19.9179136336, 31.3018365532, 0.0000000000
-19.9179136336, 31.3018365532, 0.0000000000
-20.0866388427, 31.3320943727, 0.0000000000
-20.0866388427, 31.3320943727, 0.0000000000
-20.1714553398, 31.3462962340, 0.0000000000
-20.1714553398, 31.3462962340, 0.0000000000
-20.5115954036, 31.3967001574, 0.0000000000
-20.5115954036, 31.3967001574, 0.0000000000
-20.7689693880, 31.4281218109, 0.0000000000
-20.7689693880, 31.4281218109, 0.0000000000
-21.0276897627, 31.4541190497, 0.0000000000
-21.0276897627, 31.4541190497, 0.0000000000
-21.1142993867, 31.4616043281, 0.0000000000
-21.1142993867, 31.4616043281, 0.0000000000
-21.2877255397, 31.4747974182, 0.0000000000
-21.2877255397, 31.4747974182, 0.0000000000
-21.4615091230, 31.4856574479, 0.0000000000
-21.4615091230, 31.4856574479, 0.0000000000
-21.7173798806, 31.4974450653, 0.0000000000
-21.7173798806, 31.4974450653, 0.0000000000
-21.8849625623, 31.5025103634, 0.0000000000
-21.8849625623, 31.5025103634, 0.0000000000
-22.3129588826, 31.5061725982, 0.0000000000
-22.3129588826, 31.5061725982, 0.0000000000
-22.5753387337, 31.5019935406, 0.0000000000
-22.5753387337, 31.5019935406, 0.0000000000
-22.8426280329, 31.4928433912, 0.0000000000
-22.8426280329, 31.4928433912, 0.0000000000
-23.0240445439, 31.4838677194, 0.0000000000
-23.0240445439, 31.4838677194, 0.0000000000
-23.1299602144, 31.4776064756, 0.0000000000
-23.1299602144, 31.4776064756, 0.0000000000
-23.3195888971, 31.4645348524, 0.0000000000
-23.3195888971, 31.4645348524, 0.0000000000
-23.5121604491, 31.4488386146, 0.0000000000
-23.5121604491, 31.4488386146, 0.0000000000
-23.7076165086, 31.4304377551, 0.0000000000
-23.7076165086, 31.4304377551, 0.0000000000
-23.8282940962, 31.4178451461, 0.0000000000
-23.8282940962, 31.4178451461, 0.0000000000
-24.1051695162, 31.3854321116, 0.0000000000
-24.1051695162, 31.3854321116, 0.0000000000
-24.2018564506, 31.3729658548, 0.0000000000
-24.2018564506, 31.3729658548, 0.0000000000
-24.3213138329, 31.3567487455, 0.0000000000
-24.3213138329, 31.3567487455, 0.0000000000
-24.4306596327, 31.3411178207, 0.0000000000
-24.4306596327, 31.3411178207, 0.0000000000
-24.6262320873, 31.3112950457, 0.0000000000
-24.6262320873, 31.3112950457, 0.0000000000
-24.9080485887, 31.2641367273, 0.0000000000
-24.9080485887, 31.2641367273, 0.0000000000
-25.1912214900, 31.2118090879, 0.0000000000
-25.1912214900, 31.2118090879, 0.0000000000
-25.6587629445, 31.1146485596, 0.0000000000
-25.6587629445, 31.1146485596, 0.0000000000
-26.0274255874, 31.0286373660, 0.0000000000
-26.0274255874, 31.0286373660, 0.0000000000
-26.3141569024, 30.9560332749, 0.0000000000
-26.3141569024, 30.9560332749, 0.0000000000
-26.7036341309, 30.8494250665, 0.0000000000
-26.7036341309, 30.8494250665, 0.0000000000
-26.9107965551, 30.7889714583, 0.0000000000
-26.9107965551, 30.7889714583, 0.0000000000
-27.1984327606, 30.7007120916, 0.0000000000
-27.1984327606, 30.7007120916, 0.0000000000
-27.5354509263, 30.5908920239, 0.0000000000
-27.5354509263, 30.5908920239, 0.0000000000
-27.7708116618, 30.5100830397, 0.0000000000
-27.7708116618, 30.5100830397, 0.0000000000
-28.1384871761, 30.3770386462, 0.0000000000
-28.1384871761, 30.3770386462, 0.0000000000
-28.4813392374, 30.2454511412, 0.0000000000
-28.4813392374, 30.2454511412, 0.0000000000
-28.7801477615, 30.1247966671, 0.0000000000
-28.7801477615, 30.1247966671, 0.0000000000
-29.1560099157, 29.9650560177, 0.0000000000
-29.1560099157, 29.9650560177, 0.0000000000
-29.6067062785, 29.7616535714, 0.0000000000
-29.6067062785, 29.7616535714, 0.0000000000
-29.8446784440, 29.6489701225, 0.0000000000
-29.8446784440, 29.6489701225, 0.0000000000
-29.9836409647, 29.5814611761, 0.0000000000
-29.9836409647, 29.5814611761, 0.0000000000
-30.0181689531, 29.5644907506, 0.0000000000
-30.0181689531, 29.5644907506, 0.0000000000
-30.0527946327, 29.5473935200, 0.0000000000
-30.0527946327, 29.5473935200, 0.0000000000
-30.0875177918, 29.5301688013, 0.0000000000
-30.0875177918, 29.5301688013, 0.0000000000
-30.1223382121, 29.5128159078, 0.0000000000
-30.1223382121, 29.5128159078, 0.0000000000
-30.1572556702, 29.4953341522, 0.0000000000
-30.1572556702, 29.4953341522, 0.0000000000
-30.1922699377, 29.4777228465, 0.0000000000
-30.1922699377, 29.4777228465, 0.0000000000
-30.5312733815, 29.3029865668, 0.0000000000
-30.5312733815, 29.3029865668, 0.0000000000
-30.6323821321, 29.2493762104, 0.0000000000
-30.6323821321, 29.2493762104, 0.0000000000
-30.7335336744, 29.1950495864, 0.0000000000
-30.7335336744, 29.1950495864, 0.0000000000
-30.8347185586, 29.1400072592, 0.0000000000
-30.8347185586, 29.1400072592, 0.0000000000
-30.8689169085, 29.1212456436, 0.0000000000
-30.8689169085, 29.1212456436, 0.0000000000
-31.0366348453, 29.0280679835, 0.0000000000
-31.0366348453, 29.0280679835, 0.0000000000
-31.1378626370, 28.9708872553, 0.0000000000
-31.1378626370, 28.9708872553, 0.0000000000
-31.2748236696, 28.8923836530, 0.0000000000
-31.2748236696, 28.8923836530, 0.0000000000
-31.3760247658, 28.8335304250, 0.0000000000
-31.3760247658, 28.8335304250, 0.0000000000
-31.5785263673, 28.7135865030, 0.0000000000
-31.5785263673, 28.7135865030, 0.0000000000
-31.6153704142, 28.6914486026, 0.0000000000
-31.6153704142, 28.6914486026, 0.0000000000
-31.8554130947, 28.5448209759, 0.0000000000
-31.8554130947, 28.5448209759, 0.0000000000
-31.9944881747, 28.4579492722, 0.0000000000
-31.9944881747, 28.4579492722, 0.0000000000
-32.1338892409, 28.3694442276, 0.0000000000
-32.1338892409, 28.3694442276, 0.0000000000
-32.3129175928, 28.2536577340, 0.0000000000
-32.3129175928, 28.2536577340, 0.0000000000
-32.4928331674, 28.1348640776, 0.0000000000
-32.4928331674, 28.1348640776, 0.0000000000
-32.8342681234, 27.9025966753, 0.0000000000
-32.8342681234, 27.9025966753, 0.0000000000
-33.0580532325, 27.7454162147, 0.0000000000
-33.0580532325, 27.7454162147, 0.0000000000
-33.4261461002, 27.4781363280, 0.0000000000
-33.4261461002, 27.4781363280, 0.0000000000
-33.6532839089, 27.3076521696, 0.0000000000
-33.6532839089, 27.3076521696, 0.0000000000
-34.0241930653, 27.0198717529, 0.0000000000
-34.0241930653, 27.0198717529, 0.0000000000
-34.2454039494, 26.8425505548, 0.0000000000
-34.2454039494, 26.8425505548, 0.0000000000
-34.5721815409, 26.5725885230, 0.0000000000
-34.5721815409, 26.5725885230, 0.0000000000
-34.8030331599, 26.3759499624, 0.0000000000
-34.8030331599, 26.3759499624, 0.0000000000
-35.0802468913, 26.1331380197, 0.0000000000
-35.0802468913, 26.1331380197, 0.0000000000
-35.4513180836, 25.7963108939, 0.0000000000
-35.4513180836, 25.7963108939, 0.0000000000
-35.8208126085, 25.4469232476, 0.0000000000
-35.8208126085, 25.4469232476, 0.0000000000
-36.2354740576, 25.0373581023, 0.0000000000
-36.2354740576, 25.0373581023, 0.0000000000
-36.9256812658, 24.3117698091, 0.0000000000
-36.9256812658, 24.3117698091, 0.0000000000
-37.3898967711, 23.7904114503, 0.0000000000
-37.3898967711, 23.7904114503, 0.0000000000
-37.7864577189, 23.3219289386, 0.0000000000
-37.7864577189, 23.3219289386, 0.0000000000
-38.2109462136, 22.7949866863, 0.0000000000
-38.2109462136, 22.7949866863, 0.0000000000
-38.5913520224, 22.2985949825, 0.0000000000
-38.5913520224, 22.2985949825, 0.0000000000
-39.0298300396, 21.6955072923, 0.0000000000
-39.0298300396, 21.6955072923, 0.0000000000
-39.4122916154, 21.1398445866, 0.0000000000
-39.4122916154, 21.1398445866, 0.0000000000
-39.7406658545, 20.6385503534, 0.0000000000
-39.7406658545, 20.6385503534, 0.0000000000
-40.0429054975, 20.1554952909, 0.0000000000
-40.0429054975, 20.1554952909, 0.0000000000
-40.3379929124, 19.6619431765, 0.0000000000
-40.3379929124, 19.6619431765, 0.0000000000
-40.6252261953, 19.1586675609, 0.0000000000
-40.6252261953, 19.1586675609, 0.0000000000
-40.9039365192, 18.6465084363, 0.0000000000
-40.9039365192, 18.6465084363, 0.0000000000
-41.3242830618, 17.8236934806, 0.0000000000
-41.3242830618, 17.8236934806, 0.0000000000
-41.5065392339, 17.4456001215, 0.0000000000
-41.5065392339, 17.4456001215, 0.0000000000
-41.7183560329, 16.9877728166, 0.0000000000
-41.7183560329, 16.9877728166, 0.0000000000
-41.8834132158, 16.6158957254, 0.0000000000
-41.8834132158, 16.6158957254, 0.0000000000
-42.0483308623, 16.2296913337, 0.0000000000
-42.0483308623, 16.2296913337, 0.0000000000
-42.2074535495, 15.8417242595, 0.0000000000
-42.2074535495, 15.8417242595, 0.0000000000
-42.3906153593, 15.3742637931, 0.0000000000
-42.3906153593, 15.3742637931, 0.0000000000
-42.5349475218, 14.9881709162, 0.0000000000
-42.5349475218, 14.9881709162, 0.0000000000
-42.6739231303, 14.5996691487, 0.0000000000
-42.6739231303, 14.5996691487, 0.0000000000
-42.8071756883, 14.2097192550, 0.0000000000
-42.8071756883, 14.2097192550, 0.0000000000
-42.9603227635, 13.7372855290, 0.0000000000
-42.9603227635, 13.7372855290, 0.0000000000
-43.1770126394, 13.0152233654, 0.0000000000
-43.1770126394, 13.0152233654, 0.0000000000
-43.3095750438, 12.5350187577, 0.0000000000
-43.3095750438, 12.5350187577, 0.0000000000
-43.4165340638, 12.1208353159, 0.0000000000
-43.4165340638, 12.1208353159, 0.0000000000
-43.4782364451, 11.8689776239, 0.0000000000
-43.4782364451, 11.8689776239, 0.0000000000
-43.5350082626, 11.6275724480, 0.0000000000
-43.5350082626, 11.6275724480, 0.0000000000
-43.5923844087, 11.3728954164, 0.0000000000
-43.5923844087, 11.3728954164, 0.0000000000
-43.6312941764, 11.1932781569, 0.0000000000
-43.6312941764, 11.1932781569, 0.0000000000
-43.6846913774, 10.9364393837, 0.0000000000
-43.6846913774, 10.9364393837, 0.0000000000
-43.7209963361, 10.7540970562, 0.0000000000
-43.7209963361, 10.7540970562, 0.0000000000
-43.7529966650, 10.5875110660, 0.0000000000
-43.7529966650, 10.5875110660, 0.0000000000
-43.7871086223, 10.4031497649, 0.0000000000
-43.7871086223, 10.4031497649, 0.0000000000
-43.8232516863, 10.1991631268, 0.0000000000
-43.8232516863, 10.1991631268, 0.0000000000
-43.8548102057, 10.0127239344, 0.0000000000
-43.8548102057, 10.0127239344, 0.0000000000
-43.8883133185, 9.8049490455, 0.0000000000
-43.8883133185, 9.8049490455, 0.0000000000
-43.9203380409, 9.5952445302, 0.0000000000
-43.9203380409, 9.5952445302, 0.0000000000
-43.9609285935, 9.3104977481, 0.0000000000
-43.9609285935, 9.3104977481, 0.0000000000
-43.9922568791, 9.0726927521, 0.0000000000
-43.9922568791, 9.0726927521, 0.0000000000
-44.0157649995, 8.8812581979, 0.0000000000
-44.0157649995, 8.8812581979, 0.0000000000
-44.0483282653, 8.5923803838, 0.0000000000
-44.0483282653, 8.5923803838, 0.0000000000
-44.0681269698, 8.3992947202, 0.0000000000
-44.0681269698, 8.3992947202, 0.0000000000
-44.1031786766, 8.0103226472, 0.0000000000
-44.1031786766, 8.0103226472, 0.0000000000
-44.1252422776, 7.7177252591, 0.0000000000
-44.1252422776, 7.7177252591, 0.0000000000
-44.1436144681, 7.4242119697, 0.0000000000
-44.1436144681, 7.4242119697, 0.0000000000
-44.1609722045, 7.0633128189, 0.0000000000
-44.1609722045, 7.0633128189, 0.0000000000
-44.1708104825, 6.7683743187, 0.0000000000
-44.1708104825, 6.7683743187, 0.0000000000
-44.1780188055, 6.3393894182, 0.0000000000
-44.1780188055, 6.3393894182, 0.0000000000
-44.1770777337, 5.9450357278, 0.0000000000
-44.1770777337, 5.9450357278, 0.0000000000
-44.1715292597, 5.6497181890, 0.0000000000
-44.1715292597, 5.6497181890, 0.0000000000
-44.1626597557, 5.3771698190, 0.0000000000
-44.1626597557, 5.3771698190, 0.0000000000
-44.1468156273, 5.0435557705, 0.0000000000
-44.1468156273, 5.0435557705, 0.0000000000
-44.1322642855, 4.8080128331, 0.0000000000
-44.1322642855, 4.8080128331, 0.0000000000
-44.1067785900, 4.4742189599, 0.0000000000
-44.1067785900, 4.4742189599, 0.0000000000
-44.0906372008, 4.2943220267, 0.0000000000
-44.0906372008, 4.2943220267, 0.0000000000
-44.0727002364, 4.1136288823, 0.0000000000
-44.0727002364, 4.1136288823, 0.0000000000
-44.0364055527, 3.7918289963, 0.0000000000
-44.0364055527, 3.7918289963, 0.0000000000
-44.0132861848, 3.6092003627, 0.0000000000
-44.0132861848, 3.6092003627, 0.0000000000
-43.9807420506, 3.3738066189, 0.0000000000
-43.9807420506, 3.3738066189, 0.0000000000
-43.8820567587, 2.7662723349, 0.0000000000
-43.8820567587, 2.7662723349, 0.0000000000
-43.8108085959, 2.3942780591, 0.0000000000
-43.8108085959, 2.3942780591, 0.0000000000
-43.7311825579, 2.0231047084, 0.0000000000
-43.7311825579, 2.0231047084, 0.0000000000
-43.6542245063, 1.6981409425, 0.0000000000
-43.6542245063, 1.6981409425, 0.0000000000
-43.6182471974, 1.5555020316, 0.0000000000
-43.6182471974, 1.5555020316, 0.0000000000
-43.5693938910, 1.3699529655, 0.0000000000
-43.5693938910, 1.3699529655, 0.0000000000
-43.5298360735, 1.2258940995, 0.0000000000
-43.5298360735, 1.2258940995, 0.0000000000
-43.4744916032, 1.0326463922, 0.0000000000
-43.4744916032, 1.0326463922, 0.0000000000
-43.4458126135, 0.9359865297, 0.0000000000
-43.4458126135, 0.9359865297, 0.0000000000
-43.3704990347, 0.6923005379, 0.0000000000
-43.3704990347, 0.6923005379, 0.0000000000
-43.3107601486, 0.5084439002, 0.0000000000
-43.3107601486, 0.5084439002, 0.0000000000
-43.2269725624, 0.2629529488, 0.0000000000
-43.2269725624, 0.2629529488, 0.0000000000
-43.1196460015, -0.0330069819, 0.0000000000
-43.1196460015, -0.0330069819, 0.0000000000
-43.0634529146, -0.1806220065, 0.0000000000
-43.0634529146, -0.1806220065, 0.0000000000
-42.9855101228, -0.3778814517, 0.0000000000
-42.9855101228, -0.3778814517, 0.0000000000
-42.9380924199, -0.4939412873, 0.0000000000
-42.9380924199, -0.4939412873, 0.0000000000
-42.8759991840, -0.6417318102, 0.0000000000
-42.8759991840, -0.6417318102, 0.0000000000
-42.8119727635, -0.7894633210, 0.0000000000
-42.8119727635, -0.7894633210, 0.0000000000
-42.7814794279, -0.8582506222, 0.0000000000
-42.7814794279, -0.8582506222, 0.0000000000
-42.7050249484, -1.0265147478, 0.0000000000
-42.7050249484, -1.0265147478, 0.0000000000
-42.6724227082, -1.0965222937, 0.0000000000
-42.6724227082, -1.0965222937, 0.0000000000
-42.6288613661, -1.1885125705, 0.0000000000
-42.6288613661, -1.1885125705, 0.0000000000
-42.5707349879, -1.3086112722, 0.0000000000
-42.5707349879, -1.3086112722, 0.0000000000
-42.5355257279, -1.3799459479, 0.0000000000
-42.5355257279, -1.3799459479, 0.0000000000
-42.4615670866, -1.5264793218, 0.0000000000
-42.4615670866, -1.5264793218, 0.0000000000
-42.4242717493, -1.5987403872, 0.0000000000
-42.4242717493, -1.5987403872, 0.0000000000
-42.3862705097, -1.6712888443, 0.0000000000
-42.3862705097, -1.6712888443, 0.0000000000
-42.3082770299, -1.8169057131, 0.0000000000
-42.3082770299, -1.8169057131, 0.0000000000
-42.2552070968, -1.9135730388, 0.0000000000
-42.2552070968, -1.9135730388, 0.0000000000
-42.1866185514, -2.0357479096, 0.0000000000
-42.1866185514, -2.0357479096, 0.0000000000
-42.1161868293, -2.1581114941, 0.0000000000
-42.1161868293, -2.1581114941, 0.0000000000
-42.0598991029, -2.2537464868, 0.0000000000
-42.0598991029, -2.2537464868, 0.0000000000
-41.9736754091, -2.3966999337, 0.0000000000
-41.9736754091, -2.3966999337, 0.0000000000
-41.9445351077, -2.4440780405, 0.0000000000
-41.9445351077, -2.4440780405, 0.0000000000
-41.8677791273, -2.5667006157, 0.0000000000
-41.8677791273, -2.5667006157, 0.0000000000
-41.8196475106, -2.6420363597, 0.0000000000
-41.8196475106, -2.6420363597, 0.0000000000
-41.6334828724, -2.9227710133, 0.0000000000
-41.6334828724, -2.9227710133, 0.0000000000
-41.5698382415, -3.0150706716, 0.0000000000
-41.5698382415, -3.0150706716, 0.0000000000
-41.4396438317, -3.1984236131, 0.0000000000
-41.4396438317, -3.1984236131, 0.0000000000
-41.3842226905, -3.2743381053, 0.0000000000
-41.3842226905, -3.2743381053, 0.0000000000
-41.3278895338, -3.3502450393, 0.0000000000
-41.3278895338, -3.3502450393, 0.0000000000
-41.2257611326, -3.4847334873, 0.0000000000
-41.2257611326, -3.4847334873, 0.0000000000
-41.1668600794, -3.5605244799, 0.0000000000
-41.1668600794, -3.5605244799, 0.0000000000
-41.1320559140, -3.6047162643, 0.0000000000
-41.1320559140, -3.6047162643, 0.0000000000
-41.0617499125, -3.6926741026, 0.0000000000
-41.0617499125, -3.6926741026, 0.0000000000
-41.0360771453, -3.7243631339, 0.0000000000
-41.0360771453, -3.7243631339, 0.0000000000
-40.9741793391, -3.7998418313, 0.0000000000
-40.9741793391, -3.7998418313, 0.0000000000
-40.9113217515, -3.8751799623, 0.0000000000
-40.9113217515, -3.8751799623, 0.0000000000
-40.8474986191, -3.9503566764, 0.0000000000
-40.8474986191, -3.9503566764, 0.0000000000
-40.8197990200, -3.9825784081, 0.0000000000
-40.8197990200, -3.9825784081, 0.0000000000
-40.7545864222, -4.0574873749, 0.0000000000
-40.7545864222, -4.0574873749, 0.0000000000
-40.6970088999, -4.1225377259, 0.0000000000
-40.6970088999, -4.1225377259, 0.0000000000
-40.6383521258, -4.1877805795, 0.0000000000
-40.6383521258, -4.1877805795, 0.0000000000
-40.6087015488, -4.2203727510, 0.0000000000
-40.6087015488, -4.2203727510, 0.0000000000
-40.5787767202, -4.2530060473, 0.0000000000
-40.5787767202, -4.2530060473, 0.0000000000
-40.5021465114, -4.3353979254, 0.0000000000
-40.5021465114, -4.3353979254, 0.0000000000
-40.4712411076, -4.3681564740, 0.0000000000
-40.4712411076, -4.3681564740, 0.0000000000
-40.4400527911, -4.4009448549, 0.0000000000
-40.4400527911, -4.4009448549, 0.0000000000
-40.3619930841, -4.4818379557, 0.0000000000
-40.3619930841, -4.4818379557, 0.0000000000
-40.3298101849, -4.5147089653, 0.0000000000
-40.3298101849, -4.5147089653, 0.0000000000
-40.2506571466, -4.5943852473, 0.0000000000
-40.2506571466, -4.5943852473, 0.0000000000
-40.1772384014, -4.6668308127, 0.0000000000
-40.1772384014, -4.6668308127, 0.0000000000
-40.1028153770, -4.7388665612, 0.0000000000
-40.1028153770, -4.7388665612, 0.0000000000
-40.0273869700, -4.8104670658, 0.0000000000
-40.0273869700, -4.8104670658, 0.0000000000
-39.9922136940, -4.8433789777, 0.0000000000
-39.9922136940, -4.8433789777, 0.0000000000
-39.9153146411, -4.9142967642, 0.0000000000
-39.9153146411, -4.9142967642, 0.0000000000
-39.8791594856, -4.9471542861, 0.0000000000
-39.8791594856, -4.9471542861, 0.0000000000
-39.8057011059, -5.0129719988, 0.0000000000
-39.8057011059, -5.0129719988, 0.0000000000
-39.7263854907, -5.0826448928, 0.0000000000
-39.7263854907, -5.0826448928, 0.0000000000
-39.6545374713, -5.1445329872, 0.0000000000
-39.6545374713, -5.1445329872, 0.0000000000
-39.5377269006, -5.2427186193, 0.0000000000
-39.5377269006, -5.2427186193, 0.0000000000
-39.4147721447, -5.3428938779, 0.0000000000
-39.4147721447, -5.3428938779, 0.0000000000
-39.3306494594, -5.4096008520, 0.0000000000
-39.3306494594, -5.4096008520, 0.0000000000
-39.0724593583, -5.6053555755, 0.0000000000
-39.0724593583, -5.6053555755, 0.0000000000
-38.8494418164, -5.7639423655, 0.0000000000
-38.8494418164, -5.7639423655, 0.0000000000
-38.7128746233, -5.8564335020, 0.0000000000
-38.7128746233, -5.8564335020, 0.0000000000
-38.5265727963, -5.9771246744, 0.0000000000
-38.5265727963, -5.9771246744, 0.0000000000
-38.2884871255, -6.1224261751, 0.0000000000
-38.2884871255, -6.1224261751, 0.0000000000
-38.1454934792, -6.2050094264, 0.0000000000
-38.1454934792, -6.2050094264, 0.0000000000
-38.0445921707, -6.2612145469, 0.0000000000
-38.0445921707, -6.2612145469, 0.0000000000
-37.9463693390, -6.3143080973, 0.0000000000
-37.9463693390, -6.3143080973, 0.0000000000
-37.7997127441, -6.3906503611, 0.0000000000
-37.7997127441, -6.3906503611, 0.0000000000
-37.5979274056, -6.4900482828, 0.0000000000
-37.5979274056, -6.4900482828, 0.0000000000
-37.3998597109, -6.5813824768, 0.0000000000
-37.3998597109, -6.5813824768, 0.0000000000
-37.1998986942, -6.6674460844, 0.0000000000
-37.1998986942, -6.6674460844, 0.0000000000
-36.9802645191, -6.7549873582, 0.0000000000
-36.9802645191, -6.7549873582, 0.0000000000
-36.8254484217, -6.8123596833, 0.0000000000
-36.8254484217, -6.8123596833, 0.0000000000
-36.6974220640, -6.8571268369, 0.0000000000
-36.6974220640, -6.8571268369, 0.0000000000
-36.5408195285, -6.9086183781, 0.0000000000
-36.5408195285, -6.9086183781, 0.0000000000
-36.4082670561, -6.9494117919, 0.0000000000
-36.4082670561, -6.9494117919, 0.0000000000
-36.2609301722, -6.9917718132, 0.0000000000
-36.2609301722, -6.9917718132, 0.0000000000
-36.0750245988, -7.0407633387, 0.0000000000
-36.0750245988, -7.0407633387, 0.0000000000
-35.9210677111, -7.0775879527, 0.0000000000
-35.9210677111, -7.0775879527, 0.0000000000
-35.7487782213, -7.1147853150, 0.0000000000
-35.7487782213, -7.1147853150, 0.0000000000
-35.6047661528, -7.1426320521, 0.0000000000
-35.6047661528, -7.1426320521, 0.0000000000
-35.4588589708, -7.1678331555, 0.0000000000
-35.4588589708, -7.1678331555, 0.0000000000
-35.3110933777, -7.1902637438, 0.0000000000
-35.3110933777, -7.1902637438, 0.0000000000
-35.1248165086, -7.2140994069, 0.0000000000
-35.1248165086, -7.2140994069, 0.0000000000
-35.0212250425, -7.2252059792, 0.0000000000
-35.0212250425, -7.2252059792, 0.0000000000
-34.8005580349, -7.2437212205, 0.0000000000
-34.8005580349, -7.2437212205, 0.0000000000
-34.5768557294, -7.2552984293, 0.0000000000
-34.5768557294, -7.2552984293, 0.0000000000
-34.4231822548, -7.2590177993, 0.0000000000
-34.4231822548, -7.2590177993, 0.0000000000
-34.2190782794, -7.2585697653, 0.0000000000
-34.2190782794, -7.2585697653, 0.0000000000
-34.0816507286, -7.2547681272, 0.0000000000
-34.0816507286, -7.2547681272, 0.0000000000
-33.7979579247, -7.2378725084, 0.0000000000
-33.7979579247, -7.2378725084, 0.0000000000
-33.5779281594, -7.2162194604, 0.0000000000
-33.5779281594, -7.2162194604, 0.0000000000
-33.3709535957, -7.1888757708, 0.0000000000
-33.3709535957, -7.1888757708, 0.0000000000
-33.1016139517, -7.1429040967, 0.0000000000
-33.1016139517, -7.1429040967, 0.0000000000
-32.8507691390, -7.0891999809, 0.0000000000
-32.8507691390, -7.0891999809, 0.0000000000
-32.5915417256, -7.0222631699, 0.0000000000
-32.5915417256, -7.0222631699, 0.0000000000
-32.4451823450, -6.9791622158, 0.0000000000
-32.4451823450, -6.9791622158, 0.0000000000
-32.2963533811, -6.9312842873, 0.0000000000
-32.2963533811, -6.9312842873, 0.0000000000
-32.1450993395, -6.8783317038, 0.0000000000
-32.1450993395, -6.8783317038, 0.0000000000
-31.9914726605, -6.8199912639, 0.0000000000
-31.9914726605, -6.8199912639, 0.0000000000
-31.8355341002, -6.7559334545, 0.0000000000
-31.8355341002, -6.7559334545, 0.0000000000
-31.6065298089, -6.6526902357, 0.0000000000
-31.6065298089, -6.6526902357, 0.0000000000
-31.4077682935, -6.5538521271, 0.0000000000
-31.4077682935, -6.5538521271, 0.0000000000
-31.2106471242, -6.4469400662, 0.0000000000
-31.2106471242, -6.4469400662, 0.0000000000
-30.9753017489, -6.3070839310, 0.0000000000
-30.9753017489, -6.3070839310, 0.0000000000
-30.6686177624, -6.1035470892, 0.0000000000
-30.6686177624, -6.1035470892, 0.0000000000
-30.4275764350, -5.9253813833, 0.0000000000
-30.4275764350, -5.9253813833, 0.0000000000
-29.9020958612, -5.4750291349, 0.0000000000
-29.9020958612, -5.4750291349, 0.0000000000
-29.6265575240, -5.2008316816, 0.0000000000
-29.6265575240, -5.2008316816, 0.0000000000
-29.4139095578, -4.9690966055, 0.0000000000
-29.4139095578, -4.9690966055, 0.0000000000
-29.1649163188, -4.6733662000, 0.0000000000
-29.1649163188, -4.6733662000, 0.0000000000
-28.9516755946, -4.3973254502, 0.0000000000
-28.9516755946, -4.3973254502, 0.0000000000
-28.6668637741, -3.9925554354, 0.0000000000
-28.6668637741, -3.9925554354, 0.0000000000
-28.4543358644, -3.6610580214, 0.0000000000
-28.4543358644, -3.6610580214, 0.0000000000
-28.2068466579, -3.2401954602, 0.0000000000
-28.2068466579, -3.2401954602, 0.0000000000
-28.0495524974, -2.9517506833, 0.0000000000
-28.0495524974, -2.9517506833, 0.0000000000
-27.8388820280, -2.5381504186, 0.0000000000
-27.8388820280, -2.5381504186, 0.0000000000
-27.6802864868, -2.2051505436, 0.0000000000
-27.6802864868, -2.2051505436, 0.0000000000
-27.5366521657, -1.8869072995, 0.0000000000
-27.5366521657, -1.8869072995, 0.0000000000
-27.3765164231, -1.5130097081, 0.0000000000
-27.3765164231, -1.5130097081, 0.0000000000
-27.1797305947, -1.0257394519, 0.0000000000
-27.1797305947, -1.0257394519, 0.0000000000
-27.0428890994, -0.6690344769, 0.0000000000
-27.0428890994, -0.6690344769, 0.0000000000
-26.8427136161, -0.1219107134, 0.0000000000
-26.8427136161, -0.1219107134, 0.0000000000
-26.6123211132, 0.5419026325, 0.0000000000
-26.6123211132, 0.5419026325, 0.0000000000
-26.5090318754, 0.8498947915, 0.0000000000
-26.5090318754, 0.8498947915, 0.0000000000
-26.3810691902, 1.2390138821, 0.0000000000
-26.3810691902, 1.2390138821, 0.0000000000
-26.2494054580, 1.6466855685, 0.0000000000
-26.2494054580, 1.6466855685, 0.0000000000
-26.1920530792, 1.8261595003, 0.0000000000
-26.1920530792, 1.8261595003, 0.0000000000
-26.0940175006, 2.1350495382, 0.0000000000
-26.0940175006, 2.1350495382, 0.0000000000
-25.9931620882, 2.4549383241, 0.0000000000
-25.9931620882, 2.4549383241, 0.0000000000
-25.9303460306, 2.6549175344, 0.0000000000
-25.9303460306, 2.6549175344, 0.0000000000
-25.8418154323, 2.9373094493, 0.0000000000
-25.8418154323, 2.9373094493, 0.0000000000
-25.7412653057, 3.2582509779, 0.0000000000
-25.7412653057, 3.2582509779, 0.0000000000
-25.6805187159, 3.4519773092, 0.0000000000
-25.6805187159, 3.4519773092, 0.0000000000
-25.5816122158, 3.7666957560, 0.0000000000
-25.5816122158, 3.7666957560, 0.0000000000
-25.4859879770, 4.0696832715, 0.0000000000
-25.4859879770, 4.0696832715, 0.0000000000
-25.3528605955, 4.4885321585, 0.0000000000
-25.3528605955, 4.4885321585, 0.0000000000
-25.2456827122, 4.8225819978, 0.0000000000
-25.2456827122, 4.8225819978, 0.0000000000
-25.1528069727, 5.1093870762, 0.0000000000
-25.1528069727, 5.1093870762, 0.0000000000
-24.9486813853, 5.7298143939, 0.0000000000
-24.9486813853, 5.7298143939, 0.0000000000
-24.8473453492, 6.0322835462, 0.0000000000
-24.8473453492, 6.0322835462, 0.0000000000
-24.7328501595, 6.3693251230, 0.0000000000
-24.7328501595, 6.3693251230, 0.0000000000
-24.5513741193, 6.8929477043, 0.0000000000
-24.5513741193, 6.8929477043, 0.0000000000
-24.4224862249, 7.2567836086, 0.0000000000
-24.4224862249, 7.2567836086, 0.0000000000
-24.3265106704, 7.5233377827, 0.0000000000
-24.3265106704, 7.5233377827, 0.0000000000
-24.2255973000, 7.7995881375, 0.0000000000
-24.2255973000, 7.7995881375, 0.0000000000
-24.1824904698, 7.9163441158, 0.0000000000
-24.1824904698, 7.9163441158, 0.0000000000
-24.0666847269, 8.2263363125, 0.0000000000
-24.0666847269, 8.2263363125, 0.0000000000
-24.0151062368, 8.3626962042, 0.0000000000
-24.0151062368, 8.3626962042, 0.0000000000
-24.0241024498, 8.3389877703, 0.0000000000
-24.0241024498, 8.3389877703, 0.0000000000
-23.9689980019, 8.4837128339, 0.0000000000
-23.9689980019, 8.4837128339, 0.0000000000
-23.9140035215, 8.6269735131, 0.0000000000
-23.9140035215, 8.6269735131, 0.0000000000
-23.9211933341, 8.6083103811, 0.0000000000
-23.9211933341, 8.6083103811, 0.0000000000
-23.8629598138, 8.7589014322, 0.0000000000
-23.8629598138, 8.7589014322, 0.0000000000
-23.8708267212, 8.7386335020, 0.0000000000
-23.8708267212, 8.7386335020, 0.0000000000
-23.8822037169, 8.7092805780, 0.0000000000
-23.8822037169, 8.7092805780, 0.0000000000
-23.8922214922, 8.6833935082, 0.0000000000
-23.8922214922, 8.6833935082, 0.0000000000
-23.9007574435, 8.6613053111, 0.0000000000
-23.9007574435, 8.6613053111, 0.0000000000
-23.9094877865, 8.6386851768, 0.0000000000
-23.9094877865, 8.6386851768, 0.0000000000
-23.9879449040, 8.4340846786, 0.0000000000
-23.9879449040, 8.4340846786, 0.0000000000
-24.0653575610, 8.2298581029, 0.0000000000
-24.0653575610, 8.2298581029, 0.0000000000
-24.1525361844, 7.9970381299, 0.0000000000
-24.1525361844, 7.9970381299, 0.0000000000
-24.2289309379, 7.7905278315, 0.0000000000
-24.2289309379, 7.7905278315, 0.0000000000
-24.3624760675, 7.4238879248, 0.0000000000
-24.3624760675, 7.4238879248, 0.0000000000
-24.4446044274, 7.1948249187, 0.0000000000
-24.4446044274, 7.1948249187, 0.0000000000
-24.5714794165, 6.8355868741, 0.0000000000
-24.5714794165, 6.8355868741, 0.0000000000
-24.6508734728, 6.6074854639, 0.0000000000
-24.6508734728, 6.6074854639, 0.0000000000
-24.7359397492, 6.3602972404, 0.0000000000
-24.7359397492, 6.3602972404, 0.0000000000
-24.8586013802, 5.9988766430, 0.0000000000
-24.8586013802, 5.9988766430, 0.0000000000
-24.9219167255, 5.8100731892, 0.0000000000
-24.9219167255, 5.8100731892, 0.0000000000
-25.0418267639, 5.4484857469, 0.0000000000
-25.0418267639, 5.4484857469, 0.0000000000
-25.1040996094, 5.2587160224, 0.0000000000
-25.1040996094, 5.2587160224, 0.0000000000
-25.1660212924, 5.0687425448, 0.0000000000
-25.1660212924, 5.0687425448, 0.0000000000
-25.2275981223, 4.8786319463, 0.0000000000
-25.2275981223, 4.8786319463, 0.0000000000
-25.2818723286, 4.7101366675, 0.0000000000
-25.2818723286, 4.7101366675, 0.0000000000
-25.3286109313, 4.5643809116, 0.0000000000
-25.3286109313, 4.5643809116, 0.0000000000
-25.3748177169, 4.4197274310, 0.0000000000
-25.3748177169, 4.4197274310, 0.0000000000
-25.4205067739, 4.2761903279, 0.0000000000
-25.4205067739, 4.2761903279, 0.0000000000
-25.4059696441, 4.3219122065, 0.0000000000
-25.4059696441, 4.3219122065, 0.0000000000
-25.4513144279, 4.1791425044, 0.0000000000
-25.4513144279, 4.1791425044, 0.0000000000
-25.4886351137, 4.0613170359, 0.0000000000
-25.4886351137, 4.0613170359, 0.0000000000
-25.4811293157, 4.0850355495, 0.0000000000
-25.4811293157, 4.0850355495, 0.0000000000
-25.2572069921, 4.7868150670, 0.0000000000
-25.2572069921, 4.7868150670, 0.0000000000
-25.2095999845, 4.9343180513, 0.0000000000
-25.2095999845, 4.9343180513, 0.0000000000
-25.1190146633, 5.2130709790, 0.0000000000
-25.1190146633, 5.2130709790, 0.0000000000
-25.0198422271, 5.5151633182, 0.0000000000
-25.0198422271, 5.5151633182, 0.0000000000
-24.9693503819, 5.6676554851, 0.0000000000
-24.9693503819, 5.6676554851, 0.0000000000
-24.8664374889, 5.9755913950, 0.0000000000
-24.8664374889, 5.9755913950, 0.0000000000
-24.7120555986, 6.4299897542, 0.0000000000
-24.7120555986, 6.4299897542, 0.0000000000
-24.4942961957, 7.0549022588, 0.0000000000
-24.4942961957, 7.0549022588, 0.0000000000
-24.3205314874, 7.5398203856, 0.0000000000
-24.3205314874, 7.5398203856, 0.0000000000
-24.1400942937, 8.0304501748, 0.0000000000
-24.1400942937, 8.0304501748, 0.0000000000
-23.8889081835, 8.6919597254, 0.0000000000
-23.8889081835, 8.6919597254, 0.0000000000
-23.6255441229, 9.3596484548, 0.0000000000
-23.6255441229, 9.3596484548, 0.0000000000
-23.4893164323, 9.6950718886, 0.0000000000
-23.4893164323, 9.6950718886, 0.0000000000
-23.2079954385, 10.3674344107, 0.0000000000
-23.2079954385, 10.3674344107, 0.0000000000
-23.0629888031, 10.7038296514, 0.0000000000
-23.0629888031, 10.7038296514, 0.0000000000
-22.7608911400, 11.3838914223, 0.0000000000
-22.7608911400, 11.3838914223, 0.0000000000
-22.4524404308, 12.0513672017, 0.0000000000
-22.4524404308, 12.0513672017, 0.0000000000
-22.1276714213, 12.7274492399, 0.0000000000
-22.1276714213, 12.7274492399, 0.0000000000
-21.8023146780, 13.3798966673, 0.0000000000
-21.8023146780, 13.3798966673, 0.0000000000
-21.4600064363, 14.0421773352, 0.0000000000
-21.4600064363, 14.0421773352, 0.0000000000
-20.8706308029, 15.1318917843, 0.0000000000
-20.8706308029, 15.1318917843, 0.0000000000
-20.4303947179, 15.9102365199, 0.0000000000
-20.4303947179, 15.9102365199, 0.0000000000
-20.0565890481, 16.5511106955, 0.0000000000
-20.0565890481, 16.5511106955, 0.0000000000
-19.7021857234, 17.1443455929, 0.0000000000
-19.7021857234, 17.1443455929, 0.0000000000
-19.2489837812, 17.8862440431, 0.0000000000
-19.2489837812, 17.8862440431, 0.0000000000
-18.8272756459, 18.5636616528, 0.0000000000
-18.8272756459, 18.5636616528, 0.0000000000
-18.3957655928, 19.2483665984, 0.0000000000
-18.3957655928, 19.2483665984, 0.0000000000
-18.0770728588, 19.7514561250, 0.0000000000
-18.0770728588, 19.7514561250, 0.0000000000
-17.7461010529, 20.2743876397, 0.0000000000
-17.7461010529, 20.2743876397, 0.0000000000
-17.3650496950, 20.8811452854, 0.0000000000
-17.3650496950, 20.8811452854, 0.0000000000
-17.1283448335, 21.2631448526, 0.0000000000
-17.1283448335, 21.2631448526, 0.0000000000
-16.9019618080, 21.6342234772, 0.0000000000
-16.9019618080, 21.6342234772, 0.0000000000
-16.5850793843, 22.1673282509, 0.0000000000
-16.5850793843, 22.1673282509, 0.0000000000
-16.4100875896, 22.4711837653, 0.0000000000
-16.4100875896, 22.4711837653, 0.0000000000
-16.1999224718, 22.8483422920, 0.0000000000
-16.1999224718, 22.8483422920, 0.0000000000
-16.0262672021, 23.1731655795, 0.0000000000
-16.0262672021, 23.1731655795, 0.0000000000
-15.8242431862, 23.5714621129, 0.0000000000
-15.8242431862, 23.5714621129, 0.0000000000
-15.6939791577, 23.8439069744, 0.0000000000
-15.6939791577, 23.8439069744, 0.0000000000
-15.5074921040, 24.2642688299, 0.0000000000
-15.5074921040, 24.2642688299, 0.0000000000
-15.3457062003, 24.6721231327, 0.0000000000
-15.3457062003, 24.6721231327, 0.0000000000
-15.2093912966, 25.0677384698, 0.0000000000
-15.2093912966, 25.0677384698, 0.0000000000
-15.1143578623, 25.3931528878, 0.0000000000
-15.1143578623, 25.3931528878, 0.0000000000
-15.0078303780, 25.8623759862, 0.0000000000
-15.0078303780, 25.8623759862, 0.0000000000
-14.9436474659, 26.3124252016, 0.0000000000
-14.9436474659, 26.3124252016, 0.0000000000
-14.9279416929, 26.9899079785, 0.0000000000
-14.9279416929, 26.9899079785, 0.0000000000
-14.9589992166, 27.3106427623, 0.0000000000
-14.9589992166, 27.3106427623, 0.0000000000
-14.9991199543, 27.5449669695, 0.0000000000
-14.9991199543, 27.5449669695, 0.0000000000
-15.0751994136, 27.8499316963, 0.0000000000
-15.0751994136, 27.8499316963, 0.0000000000
-15.1623308425, 28.1079275636, 0.0000000000
-15.1623308425, 28.1079275636, 0.0000000000
-15.2834288310, 28.3895404472, 0.0000000000
-15.2834288310, 28.3895404472, 0.0000000000
-15.4316548625, 28.6667312171, 0.0000000000
-15.4316548625, 28.6667312171, 0.0000000000
-15.5615255845, 28.8716030724, 0.0000000000
-15.5615255845, 28.8716030724, 0.0000000000
-15.7182128789, 29.0866008160, 0.0000000000
-15.7182128789, 29.0866008160, 0.0000000000
-15.9192439402, 29.3253567049, 0.0000000000
-15.9192439402, 29.3253567049, 0.0000000000
-16.1515370003, 29.5634330982, 0.0000000000
-16.1515370003, 29.5634330982, 0.0000000000
-16.4429819039, 29.8200714183, 0.0000000000
-16.4429819039, 29.8200714183, 0.0000000000
-16.9998566429, 30.2186242505, 0.0000000000
-16.9998566429, 30.2186242505, 0.0000000000
-17.2930357979, 30.3924486100, 0.0000000000
-17.2930357979, 30.3924486100, 0.0000000000
-17.6971164413, 30.6006342215, 0.0000000000
-17.6971164413, 30.6006342215, 0.0000000000
-18.0280316421, 30.7482645093, 0.0000000000
-18.0280316421, 30.7482645093, 0.0000000000
-18.3187031937, 30.8632651523, 0.0000000000
-18.3187031937, 30.8632651523, 0.0000000000
-18.6193770302, 30.9693229520, 0.0000000000
-18.6193770302, 30.9693229520, 0.0000000000
-18.8512677700, 31.0429253209, 0.0000000000
-18.8512677700, 31.0429253209, 0.0000000000
-18.9100522902, 31.0605149709, 0.0000000000
-18.9100522902, 31.0605149709, 0.0000000000
-19.0288248329, 31.0947847253, 0.0000000000
-19.0288248329, 31.0947847253, 0.0000000000
-19.1307006728, 31.1228588194, 0.0000000000
-19.1307006728, 31.1228588194, 0.0000000000
-19.2957266284, 31.1658311430, 0.0000000000
-19.2957266284, 31.1658311430, 0.0000000000
-19.4468186212, 31.2025495614, 0.0000000000
-19.4468186212, 31.2025495614, 0.0000000000
-19.6967936440, 31.2580190825, 0.0000000000
-19.6967936440, 31.2580190825, 0.0000000000
-19.7924755045, 31.2775702419, 0.0000000000
-19.7924755045, 31.2775702419, 0.0000000000
-19.8740132154, 31.2935180491, 0.0000000000
-19.8740132154, 31.2935180491, 0.0000000000
-19.8916604107, 31.2968843366, 0.0000000000
-19.8916604107, 31.2968843366, 0.0000000000
-19.9753573101, 31.3124413846, 0.0000000000
-19.9753573101, 31.3124413846, 0.0000000000
-20.0760007393, 31.3302659385, 0.0000000000
-20.0760007393, 31.3302659385, 0.0000000000
-20.1488391108, 31.3425743838, 0.0000000000
-20.1488391108, 31.3425743838, 0.0000000000
-20.2380996363, 31.3569908490, 0.0000000000
-20.2380996363, 31.3569908490, 0.0000000000
-20.3970900892, 31.3808827628, 0.0000000000
-20.3970900892, 31.3808827628, 0.0000000000
-20.5469700985, 31.4013552769, 0.0000000000
-20.5469700985, 31.4013552769, 0.0000000000
-20.7833994594, 31.4297174554, 0.0000000000
-20.7833994594, 31.4297174554, 0.0000000000
-20.9562619330, 31.4474901325, 0.0000000000
-20.9562619330, 31.4474901325, 0.0000000000
-21.1940747774, 31.4679684747, 0.0000000000
-21.1940747774, 31.4679684747, 0.0000000000
-21.4488836439, 31.4849470123, 0.0000000000
-21.4488836439, 31.4849470123, 0.0000000000
-21.6461464348, 31.4946596089, 0.0000000000
-21.6461464348, 31.4946596089, 0.0000000000
-21.7018234996, 31.4968691638, 0.0000000000
-21.7018234996, 31.4968691638, 0.0000000000
-21.8308393338, 31.5011013107, 0.0000000000
-21.8308393338, 31.5011013107, 0.0000000000
-21.8959023422, 31.5027690312, 0.0000000000
-21.8959023422, 31.5027690312, 0.0000000000
-22.0343250741, 31.5052876171, 0.0000000000
-22.0343250741, 31.5052876171, 0.0000000000
-22.0947345339, 31.5059513726, 0.0000000000
-22.0947345339, 31.5059513726, 0.0000000000
-22.1675752051, 31.5064027909, 0.0000000000
-22.1675752051, 31.5064027909, 0.0000000000
-22.2406030710, 31.5064747687, 0.0000000000
-22.2406030710, 31.5064747687, 0.0000000000
-22.3138137158, 31.5061668159, 0.0000000000
-22.3138137158, 31.5061668159, 0.0000000000
-22.3872027142, 31.5054784907, 0.0000000000
-22.3872027142, 31.5054784907, 0.0000000000
-22.4607656296, 31.5044093950, 0.0000000000
-22.4607656296, 31.5044093950, 0.0000000000
-22.5344980143, 31.5029591742, 0.0000000000
-22.5344980143, 31.5029591742, 0.0000000000
-22.6824710238, 31.4989135917, 0.0000000000
-22.6824710238, 31.4989135917, 0.0000000000
-22.7536654950, 31.4964311540, 0.0000000000
-22.7536654950, 31.4964311540, 0.0000000000
-22.8280250507, 31.4934692111, 0.0000000000
-22.8280250507, 31.4934692111, 0.0000000000
-22.9771922853, 31.4863979790, 0.0000000000
-22.9771922853, 31.4863979790, 0.0000000000
-23.0503870562, 31.4823804851, 0.0000000000
-23.0503870562, 31.4823804851, 0.0000000000
-23.2003597124, 31.4730314857, 0.0000000000
-23.2003597124, 31.4730314857, 0.0000000000
-23.1994859401, 31.4730902783, 0.0000000000
-23.1994859401, 31.4730902783, 0.0000000000
-23.2746576103, 31.4678469760, 0.0000000000
-23.2746576103, 31.4678469760, 0.0000000000
-23.4255853389, 31.4561955160, 0.0000000000
-23.4255853389, 31.4561955160, 0.0000000000
-23.5011049431, 31.4498053109, 0.0000000000
-23.5011049431, 31.4498053109, 0.0000000000
-23.7317147313, 31.4279979975, 0.0000000000
-23.7317147313, 31.4279979975, 0.0000000000
-23.9654473406, 31.4023997456, 0.0000000000
-23.9654473406, 31.4023997456, 0.0000000000
-24.2748856104, 31.3631584633, 0.0000000000
-24.2748856104, 31.3631584633, 0.0000000000
-24.4329935190, 31.3407760226, 0.0000000000
-24.4329935190, 31.3407760226, 0.0000000000
-24.6754573802, 31.3034130811, 0.0000000000
-24.6754573802, 31.3034130811, 0.0000000000
-24.9130816504, 31.2632498094, 0.0000000000
-24.9130816504, 31.2632498094, 0.0000000000
-25.0749624009, 31.2338899828, 0.0000000000
-25.0749624009, 31.2338899828, 0.0000000000
-25.2469005837, 31.2009400725, 0.0000000000
-25.2469005837, 31.2009400725, 0.0000000000
-25.4105072236, 31.1679033413, 0.0000000000
-25.4105072236, 31.1679033413, 0.0000000000
-25.6632276975, 31.1136563839, 0.0000000000
-25.6632276975, 31.1136563839, 0.0000000000
-25.8530870581, 31.0703417869, 0.0000000000
-25.8530870581, 31.0703417869, 0.0000000000
-26.0456066971, 31.0241818468, 0.0000000000
-26.0456066971, 31.0241818468, 0.0000000000
-26.3182838763, 30.9549518575, 0.0000000000
-26.3182838763, 30.9549518575, 0.0000000000
-26.5014964035, 30.9059027240, 0.0000000000
-26.5014964035, 30.9059027240, 0.0000000000
-26.7358027028, 30.8402085183, 0.0000000000
-26.7358027028, 30.8402085183, 0.0000000000
-26.9575097804, 30.7749797618, 0.0000000000
-26.9575097804, 30.7749797618, 0.0000000000
-27.0285864418, 30.7534363712, 0.0000000000
-27.0285864418, 30.7534363712, 0.0000000000
-27.1595014097, 30.7129522941, 0.0000000000
-27.1595014097, 30.7129522941, 0.0000000000
-27.1779728600, 30.7071562810, 0.0000000000
-27.1779728600, 30.7071562810, 0.0000000000
-27.2152673389, 30.6953906613, 0.0000000000
-27.2152673389, 30.6953906613, 0.0000000000
-27.2340017854, 30.6894483816, 0.0000000000
-27.2340017854, 30.6894483816, 0.0000000000
-27.2910107985, 30.6712345485, 0.0000000000
-27.2910107985, 30.6712345485, 0.0000000000
-27.3488310533, 30.6525592856, 0.0000000000
-27.3488310533, 30.6525592856, 0.0000000000
-27.4074722828, 30.6334106850, 0.0000000000
-27.4074722828, 30.6334106850, 0.0000000000
-27.5432564169, 30.5882664191, 0.0000000000
-27.5432564169, 30.5882664191, 0.0000000000
-27.6465499927, 30.5531697450, 0.0000000000
-27.6465499927, 30.5531697450, 0.0000000000
-27.7638469325, 30.5125230471, 0.0000000000
-27.7638469325, 30.5125230471, 0.0000000000
-27.8602234797, 30.4784943824, 0.0000000000
-27.8602234797, 30.4784943824, 0.0000000000
-27.9038964292, 30.4628864989, 0.0000000000
-27.9038964292, 30.4628864989, 0.0000000000
-28.0006728604, 30.4278823755, 0.0000000000
-28.0006728604, 30.4278823755, 0.0000000000
-28.1721364488, 30.3644463359, 0.0000000000
-28.1721364488, 30.3644463359, 0.0000000000
-28.2186617522, 30.3469201957, 0.0000000000
-28.2186617522, 30.3469201957, 0.0000000000
-28.3401587770, 30.3005199149, 0.0000000000
-28.3401587770, 30.3005199149, 0.0000000000
-28.6609916082, 30.1735799170, 0.0000000000
-28.6609916082, 30.1735799170, 0.0000000000
-28.9117619642, 30.0698760734, 0.0000000000
-28.9117619642, 30.0698760734, 0.0000000000
-29.3112232753, 29.8964760423, 0.0000000000
-29.3112232753, 29.8964760423, 0.0000000000
-29.6417204185, 29.7453044731, 0.0000000000
-29.6417204185, 29.7453044731, 0.0000000000
-30.2817626436, 29.4323403520, 0.0000000000
-30.2817626436, 29.4323403520, 0.0000000000
-30.6528366700, 29.2384465322, 0.0000000000
-30.6528366700, 29.2384465322, 0.0000000000
-31.0625599250, 29.0134914655, 0.0000000000
-31.0625599250, 29.0134914655, 0.0000000000
-31.3011186083, 28.8771613113, 0.0000000000
-31.3011186083, 28.8771613113, 0.0000000000
-31.5774230129, 28.7142479572, 0.0000000000
-31.5774230129, 28.7142479572, 0.0000000000
-31.7533006737, 28.6077051912, 0.0000000000
-31.7533006737, 28.6077051912, 0.0000000000
-31.8284491806, 28.5614999593, 0.0000000000
-31.8284491806, 28.5614999593, 0.0000000000
-31.8661299977, 28.5381771332, 0.0000000000
-31.8661299977, 28.5381771332, 0.0000000000
-31.9670322435, 28.4752117478, 0.0000000000
-31.9670322435, 28.4752117478, 0.0000000000
-32.0678500374, 28.4115515026, 0.0000000000
-32.0678500374, 28.4115515026, 0.0000000000
-32.1063062730, 28.3870707746, 0.0000000000
-32.1063062730, 28.3870707746, 0.0000000000
